<?xml version="1.0" encoding="UTF-8"?>
<!--
   Licensed to the Apache Software Foundation (ASF) under one or more
   contributor license agreements.  See the NOTICE file distributed with
   this work for additional information regarding copyright ownership.
   The ASF licenses this file to You under the Apache License, Version 2.0
   (the "License"); you may not use this file except in compliance with
   the License.  You may obtain a copy of the License at

       http://www.apache.org/licenses/LICENSE-2.0

   Unless required by applicable law or agreed to in writing, software
   distributed under the License is distributed on an "AS IS" BASIS,
   WITHOUT WARRANTIES OR CONDITIONS OF ANY KIND, either express or implied.
   See the License for the specific language governing permissions and
   limitations under the License.
-->
<project>
  <pomVersion>3</pomVersion>
  <groupId>commons-beanutils</groupId>
  <artifactId>commons-beanutils</artifactId>
  <name>BeanUtils</name>
  <currentVersion>1.8.0</currentVersion>
  <inceptionYear>2000</inceptionYear>
  <shortDescription>Commons BeanUtils</shortDescription>
  <description>BeanUtils provides an easy-to-use but flexible wrapper around reflection and introspection.</description>
  <logo>/images/logo.png</logo>
  
  <package>org.apache.commons.beanutils</package>
  <url>http://commons.apache.org/beanutils/index.html</url>

  <organization>
    <name>The Apache Software Foundation</name>
    <url>http://commons.apache.org/</url>
    <logo>http://commons.apache.org/images/logo.png</logo>
  </organization>
  
  <licenses>
      <license>
          <name>The Apache Software License, Version 2.0</name>
          <url>/LICENSE.txt</url>
          <distribution>repo</distribution>
      </license>
  </licenses>
  
  <gumpRepositoryId>commons</gumpRepositoryId>
  <issueTrackingUrl>http://issues.apache.org/jira/</issueTrackingUrl>
  <siteAddress>people.apache.org</siteAddress>
  <siteDirectory>/www/commons.apache.org/${pom.artifactId.substring(8)}/</siteDirectory>
  <distributionDirectory>/www/people.apache.org/builds/commons/${pom.artifactId.substring(8)}/</distributionDirectory>
  
  <repository>
    <connection>scm:svn:http://svn.apache.org/repos/asf/commons/proper/${pom.artifactId.substring(8)}/trunk</connection>
    <url>http://svn.apache.org/viewvc</url>
  </repository>
  
  <mailingLists>
    <mailingList>
      <name>Commons Dev List</name>
      <subscribe>dev-subscribe@commons.apache.org</subscribe>
      <unsubscribe>dev-unsubscribe@commons.apache.org</unsubscribe>
      <archive>http://mail-archives.apache.org/mod_mbox/commons-dev/</archive>
    </mailingList>
    <mailingList>
      <name>Commons User List</name>
      <subscribe>user-subscribe@commons.apache.org</subscribe>
      <unsubscribe>user-unsubscribe@commons.apache.org</unsubscribe>
      <archive>http://mail-archives.apache.org/mod_mbox/commons-user/</archive>
    </mailingList>
  </mailingLists>
   
  <developers>
    <developer>
      <name>Robert Burrell Donkin</name>
      <id>rdonkin</id>
      <email>rdonkin@apache.org</email>
      <organization>Apache Software Foundation</organization>
    </developer>
    <developer>
      <name>dIon Gillard</name>
      <id>dion</id>
      <email>dion@apache.org</email>
      <organization>Apache Software Foundation</organization>
    </developer>
    <developer>
      <name>Craig McClanahan</name>
      <id>craigmcc</id>
      <email>craigmcc@apache.org</email>
      <organization>Apache Software Foundation</organization>
    </developer>
    <developer>
      <name>Geir Magnusson Jr.</name>
      <id>geirm</id>
      <email>geirm@apache.org</email>
      <organization>Apache Software Foundation</organization>
    </developer>
    <developer>
      <name>Scott Sanders</name>
      <id>sanders</id>
      <email>sanders@apache.org</email>
      <organization>Apache Software Foundation</organization>
    </developer>
    <developer>
      <name>James Strachan</name>
      <id>jstrachan</id>
      <email>jstrachan@apache.org</email>
      <organization>Apache Software Foundation</organization>
    </developer>
    <developer>
      <name>Rodney Waldhoff</name>
      <id>rwaldhoff</id>
      <email>rwaldhoff@apache.org</email>
      <organization>Apache Software Foundation</organization>
    </developer>
    <developer>
      <name>Martin van den Bemt</name>
      <id>mvdb</id>
      <email>mvdb@apache.org</email>
      <organization>Apache Software Foundation</organization>
    </developer>
    <developer>
      <name>Yoav Shapira</name>
      <id>yoavs</id>
      <email>yoavs@apache.org</email>
      <organization>Apache Software Foundation</organization>
    </developer>
    <developer>
      <name>Niall Pemberton</name>
      <id>niallp</id>
      <email>niallp at apache dot org</email>
      <organization>Apache Software Foundation</organization>
    </developer>
    <developer>
      <name>Simon Kitching</name>
      <id>skitching</id>
      <email>skitching@apache.org</email>
      <organization>Apache Software Foundation</organization>
    </developer>
    <developer>
      <name>James Carman</name>
      <id>jcarman</id>
      <email>jcarman@apache.org</email>
      <organization>Apache Software Foundation</organization>
    </developer>
    <developer>
      <name>Henri Yandell</name>
      <id>bayard</id>
      <organization>Apache Software Foundation</organization>
    </developer>
  </developers>

  <contributors>
    <contributor>
      <name>Paul Jack</name>
      <email></email>
    </contributor>
    <contributor>
      <name>Stephen Colebourne</name>
      <email></email>
    </contributor>
    <contributor>
      <name>Berin Loritsch</name>
      <email></email>
    </contributor>    
  </contributors>
  
  <dependencies>

    <dependency>
      <groupId>commons-logging</groupId>
      <artifactId>commons-logging</artifactId>
      <version>1.1.1</version>
      <url>http://commons.apache.org/logging/</url>
    </dependency>

    <dependency>
      <groupId>commons-collections</groupId>
      <artifactId>commons-collections</artifactId> 
      <version>3.2.1</version> 
      <url>http://commons.apache.org/collections/</url>
      <properties>
          <optional>true</optional>
          <comment>
              &lt;strong&gt;Optional&lt;/strong&gt; - only required if using
              BeanComparator, BeanMap, BeanPredicate, BeanPropertyValueChangeClosure,
              BeanPropertyValueEqualsPredicate or BeanToPropertyValueTransformer
          </comment>
      </properties>
    </dependency>

    <dependency>
      <groupId>commons-collections</groupId>
      <artifactId>commons-collections-testframework</artifactId> 
      <version>3.2.1</version> 
      <url>http://commons.apache.org/collections/</url>
      <properties>
          <scope>test</scope>
          <comment>
              &lt;strong&gt;Test Only&lt;/strong&gt; - required only for
              running the some of the unit tests.
          </comment>
      </properties>
    </dependency>

    <dependency>
      <groupId>junit</groupId>
      <artifactId>junit</artifactId>
      <version>3.8.1</version>
      <url>http://www.junit.org/</url>
      <properties>
          <scope>test</scope>
          <comment>
              &lt;strong&gt;Test Only&lt;/strong&gt; - required only for
              running the unit tests.
          </comment>
      </properties>
    </dependency>

    <dependency>
      <groupId>maven</groupId>
      <artifactId>maven-xdoc-plugin</artifactId>
      <version>1.9.2</version>
      <url>http://maven.apache.org/reference/plugins/xdoc/</url>
      <type>plugin</type>
      <properties>
          <comment>
              &lt;strong&gt;Site Only&lt;/strong&gt; - v1.9.2 (minimum)
              required for building the BeanUtils Site documentation.
          </comment>
      </properties>
    </dependency>

    <dependency>
      <groupId>maven</groupId>
      <artifactId>maven-changelog-plugin</artifactId>
      <version>1.8.2</version>
      <url>http://maven.apache.org/reference/plugins/changelog/</url>
      <type>plugin</type>
      <properties>
          <comment>
              &lt;strong&gt;Site Only&lt;/strong&gt; - v1.8.2 (minimum)
              required for building the BeanUtils Site documentation.
          </comment>
      </properties>
    </dependency>

    <dependency>
      <groupId>maven</groupId>
      <artifactId>maven-file-activity-plugin</artifactId>
      <version>1.5.2</version>
      <url>http://maven.apache.org/reference/plugins/file-activity/</url>
      <type>plugin</type>
      <properties>
          <comment>
              &lt;strong&gt;Site Only&lt;/strong&gt; - v1.5.2 (minimum)
              required for building the BeanUtils Site documentation.
          </comment>
      </properties>
    </dependency>

    <dependency>
      <groupId>maven</groupId>
      <artifactId>maven-developer-activity-plugin</artifactId>
      <version>1.5.2</version>
      <url>http://maven.apache.org/reference/plugins/developer-activity/</url>
      <type>plugin</type>
      <properties>
          <comment>
              &lt;strong&gt;Site Only&lt;/strong&gt; - v1.5.2 (minimum)
              required for building the BeanUtils Site documentation.
          </comment>
      </properties>
    </dependency>
  </dependencies>

  <build>
     <nagEmailAddress>dev@commons.apache.org</nagEmailAddress>
     <sourceDirectory>src/java</sourceDirectory>
     <unitTestSourceDirectory>src/test</unitTestSourceDirectory>
     <integrationUnitTestSourceDirectory/>
     <aspectSourceDirectory/>
     <resources>
         <resource>
             <directory>${basedir}</directory>
             <targetPath>META-INF</targetPath>
             <includes>
                 <include>NOTICE.txt</include>
             </includes>
         </resource>
     </resources>

     <!-- Unit test classes -->
     <unitTest>
         <includes>
             <include>**/*TestCase.java</include>
         </includes>
         <excludes>
             <!-- This test case is known to fail, and there isn't any proposed fix
               -  so we will just exclude it until someone comes up with a solution.
             -->
             <exclude>**/*MemoryTestCase.java</exclude>
         </excludes>
         <resources>
             <resource>
                 <directory>${pom.build.unitTestSourceDirectory}</directory>
                 <includes>
                     <include>**/*.xml</include>
                 </includes>
             </resource>
         </resources>
     </unitTest>
  </build>

  <reports>
    <report>maven-changelog-plugin</report>
    <report>maven-changes-plugin</report>
    <report>maven-checkstyle-plugin</report>
    <report>maven-developer-activity-plugin</report>
    <report>maven-file-activity-plugin</report>
    <report>maven-javadoc-plugin</report>
    <report>maven-jdepend-plugin</report>
    <report>maven-junit-report-plugin</report>
    <report>maven-jxr-plugin</report>
    <report>maven-license-plugin</report>
    <report>maven-pmd-plugin</report>
    <report>maven-tasklist-plugin</report>
  </reports>
</project>
